Circonscription;Resultats
"0101";39.37, RN - 23.96, LR - 23.45, UG;Triangulaire
"0102";39.20, RN - 24.21, ENS - 23.61, UG;Triangulaire
"0103";32.43, ENS - 32.11, RN - 25.12, UG;Triangulaire
"0104";46.01, RN - 21.87, ENS - 19.96, UG;Triangulaire
"0105";39.12, UXD - 24.34, UG;Duel
"0201";54.49, RN;Elu
"0202";47.06, RN - 35.66, LR;Duel
"0203";57.64, EXD;Elu
"0204";55.04, RN;Elu
"0205";53.07, RN;Elu
"0301";38.61, RN - 28.84, UG;Duel
"0302";34.33, RN - 24.06, UG - 19.67, LR;Triangulaire
"0303";40.05, LR - 37.82, RN - 20.40, UG;Triangulaire
"0401";44.30, RN - 27.26, UG - 19.35, ENS;Triangulaire
"0402";40.89, UXD - 32.99, UG - 22.69, ENS;Triangulaire
"0501";38.24, RN - 30.47, UG - 22.58, ENS;Triangulaire
"0502";33.88, RN - 32.70, UG - 26.70, ENS;Triangulaire
"0601";41.04, UXD - 26.62, UG - 22.79, ENS;Triangulaire
"0602";48.08, RN - 19.01, UG;Duel
"0603";41.47, UXD - 27.24, UG - 25.36, ENS;Triangulaire
"0604";56.27, RN;Elu
"0605";50.35, UXD;Elu
"0606";50.85, RN;Elu
"0607";36.32, RN - 24.88, LR;Duel
"0608";42.74, RN - 28.39, LR;Duel
"0609";42.31, RN - 33.84, LR;Duel
"0701";39.95, RN - 38.24, UG;Duel
"0702";35.75, UXD - 24.97, UG;Duel
"0703";31.95, RN - 28.31, UG - 26.48, DVD;Triangulaire
"0801";38.33, RN - 26.16, ENS;Duel
"0802";40.83, RN - 30.15, DVD;Duel
"0803";43.56, DVD - 43.38, RN;Duel
"0901";50.74, UG;Elu
"0902";48.25, UG - 40.41, RN;Duel
"1001";53.84, RN;Elu
"1002";44.83, RN - 27.93, LR;Duel
"1003";43.33, RN - 24.39, UG;Duel
"1101";49.33, RN - 18.70, UG;Duel
"1102";48.12, RN - 26.02, UG - 19.32, ENS;Triangulaire
"1103";44.70, RN - 32.67, UG;Duel
"1201";43.58, ENS - 31.48, RN - 22.74, UG;Triangulaire
"1202";33.11, RN - 32.73, UG - 30.55, ENS;Triangulaire
"1203";35.46, UXD - 32.45, ENS - 28.81, UG;Triangulaire
"1301";45.54, RN - 26.90, UG - 23.61, ENS;Triangulaire
"1302";32.06, RN - 28.49, UG - 27.01, ENS;Triangulaire
"1303";42.75, RN - 35.68, UG;Duel
"1304";67.49, UG;Elu
"1305";25.77, RN - 24.44, DVG - 23.32, UG;Triangulaire
"1306";38.27, UXD - 28.22, UG - 25.13, ENS;Triangulaire
"1307";59.67, UG;Elu
"1308";44.63, RN - 26.73, ENS - 20.07, UG;Triangulaire
"1309";45.20, RN - 23.76, UG;Duel
"1310";48.83, RN - 21.54, ENS - 20.80, UG;Triangulaire
"1311";38.87, RN - 27.54, UG - 26.28, ENS;Triangulaire
"1312";54.07, RN;Elu
"1313";47.53, RN - 36.02, UG;Duel
"1314";31.65, UXD - 29.48, UG - 28.91, ENS;Triangulaire
"1315";49.48, RN - 20.21, UG;Duel
"1316";47.12, RN - 29.92, UG;Duel
"1401";43.11, DVD - 34.82, UG - 19.95, RN;Triangulaire
"1402";42.34, UG - 25.84, RN;Duel
"1403";41.09, RN - 36.46, ENS;Duel
"1404";33.65, RN - 32.80, ENS - 19.78, UG;Triangulaire
"1405";31.86, RN - 24.59, ENS - 24.46, UG;Triangulaire
"1406";36.26, RN - 28.93, ENS - 23.16, UG;Triangulaire
"1501";37.66, DVD - 30.29, RN - 22.43, UG;Triangulaire
"1502";34.29, DVD - 33.02, RN;Duel
"1601";32.80, UG - 30.30, HOR - 30.26, RN;Triangulaire
"1602";38.91, UXD - 27.39, ENS - 20.34, UG;Triangulaire
"1603";42.95, RN - 25.88, UG - 24.52, ENS;Triangulaire
"1701";45.64, DVG - 29.64, UG - 22.65, RN;Triangulaire
"1702";34.41, RN - 26.94, UG - 25.33, ENS;Triangulaire
"1703";40.85, RN - 28.07, UG - 27.88, ENS;Triangulaire
"1704";45.21, RN - 27.95, ENS;Duel
"1705";43.83, RN - 32.75, HOR - 22.15, UG;Triangulaire
"1801";39.94, RN - 33.01, ENS - 25.22, UG;Triangulaire
"1802";40.56, RN - 29.68, UG - 20.83, ENS;Triangulaire
"1803";43.15, RN - 31.20, ENS;Duel
"1901";37.63, UG - 30.89, RN - 28.64, LR;Triangulaire
"1902";36.28, RN - 35.04, LR - 26.63, UG;Triangulaire
"2101";29.16, UG - 27.48, ENS - 25.77, RN;Triangulaire
"2102";34.64, RN - 27.67, UG - 24.65, ENS;Triangulaire
"2103";35.44, UXD - 29.59, UG - 23.81, ENS;Triangulaire
"2104";42.24, RN - 35.19, LR - 20.47, UG;Triangulaire
"2105";45.31, RN - 30.98, ENS - 19.30, UG;Triangulaire
"2201";32.96, ENS - 30.38, UG - 25.75, RN;Triangulaire
"2202";33.61, ENS - 30.96, RN - 25.71, UG;Triangulaire
"2203";31.96, LR - 28.57, RN - 22.92, UG;Triangulaire
"2204";34.30, RN - 31.03, UG - 30.56, ENS;Triangulaire
"2205";37.81, ENS - 30.60, UG - 29.08, RN;Triangulaire
"2301";33.35, UXD - 23.47, UG - 22.12, DVD;Triangulaire
"2401";38.24, RN - 29.42, UG - 24.30, ENS;Triangulaire
"2402";42.71, RN - 28.27, UG - 19.58, ENS;Triangulaire
"2403";40.13, RN - 28.58, UG - 23.33, ENS;Triangulaire
"2404";36.01, RN - 34.49, UG;Duel
"2501";33.52, ENS - 31.76, UG - 31.20, RN;Triangulaire
"2502";34.16, UG - 30.12, RN - 26.79, ENS;Triangulaire
"2503";44.35, UXD - 30.22, ENS - 21.56, UG;Triangulaire
"2504";47.63, RN - 28.26, UG - 20.43, ENS;Triangulaire
"2505";35.20, LR - 33.73, RN;Duel
"2601";32.41, UG - 31.08, RN;Duel
"2602";42.85, RN - 22.81, UG - 18.94, ENS;Triangulaire
"2603";37.96, UG - 32.26, UXD - 19.09, ENS;Triangulaire
"2604";38.37, RN - 26.27, UG - 23.98, LR;Triangulaire
"2701";46.54, RN - 28.51, ENS - 21.58, UG;Triangulaire
"2702";43.60, RN - 21.25, UG;Duel
"2703";48.88, RN - 21.35, ENS;Duel
"2704";41.64, RN - 34.27, UG;Duel
"2705";45.26, RN - 24.39, ENS - 21.28, UG;Triangulaire
"2801";33.66, RN - 32.89, ENS - 24.05, UG;Triangulaire
"2802";38.33, RN - 25.92, LR - 25.59, UG;Triangulaire
"2803";42.41, RN - 36.35, DVC;Duel
"2804";43.15, UXD - 39.44, ENS;Duel
"2901";33.00, ENS - 32.83, UG - 23.67, RN;Triangulaire
"2902";35.28, UG - 22.58, RN - 18.48, DVC;Triangulaire
"2903";38.92, ENS - 27.74, RN - 26.91, UG;Triangulaire
"2904";30.92, UG - 30.63, ENS - 25.86, RN;Triangulaire
"2905";30.30, ENS - 27.22, UG - 26.53, RN;Triangulaire
"2906";37.88, UG - 30.21, RN - 27.99, ENS;Triangulaire
"2907";31.06, UG - 30.66, ENS - 26.10, RN;Triangulaire
"2908";30.80, RN - 27.76, ENS - 22.17, DVG - 18.12, UG;Duel
"2A01";31.20, RN - 30.70, ENS;Duel
"2A02";35.10, RN - 26.45, REG;Duel
"2B01";31.74, REG - 28.80, RN;Duel
"2B02";34.05, DVD - 28.63, REG - 25.42, RN;Triangulaire
"3001";43.91, RN - 29.54, UG - 20.10, ENS;Triangulaire
"3002";52.22, RN;Elu
"3003";47.48, RN - 22.91, UG - 19.21, ENS;Triangulaire
"3004";48.69, RN - 27.38, UG;Duel
"3005";41.01, UXD - 33.03, UG;Duel
"3006";42.07, RN - 28.77, UG - 20.73, ENS;Triangulaire
"3101";45.52, UG - 27.10, ENS - 21.32, RN;Triangulaire
"3102";40.53, UG - 27.91, ENS - 26.41, RN;Triangulaire
"3103";34.58, UG - 33.20, ENS - 21.38, RN;Triangulaire
"3104";53.39, UG;Elu
"3105";39.52, RN - 29.43, ENS - 27.66, UG;Triangulaire
"3106";34.03, UG - 30.92, RN - 29.60, ENS;Triangulaire
"3107";40.37, UXD - 33.17, UG - 24.81, ENS;Triangulaire
"3108";40.54, RN - 36.90, UG;Duel
"3109";47.53, UG - 24.89, RN - 22.36, ENS;Triangulaire
"3110";36.24, UG - 30.37, RN - 28.99, ENS;Triangulaire
"3201";35.71, RN - 30.90, ENS - 27.17, UG;Triangulaire
"3202";45.80, DVG - 35.49, RN;Duel
"3301";38.31, ENS - 34.23, UG - 21.00, RN;Triangulaire
"3302";49.45, UG - 29.08, ENS;Duel
"3303";49.83, UG - 27.75, ENS - 19.56, RN;Triangulaire
"3304";42.36, UG - 32.37, RN;Duel
"3305";42.32, RN - 31.79, UG - 18.59, ENS;Triangulaire
"3306";35.24, UG - 32.78, ENS - 27.07, RN;Triangulaire
"3307";38.50, UG - 33.12, ENS - 22.43, RN;Triangulaire
"3308";36.86, RN - 31.71, ENS - 18.70, UG;Triangulaire
"3309";38.54, RN - 30.03, ENS - 27.89, UG;Triangulaire
"3310";43.80, RN - 29.96, ENS - 24.29, UG;Triangulaire
"3311";53.33, RN;Elu
"3312";38.41, RN - 28.85, UG - 27.62, ENS;Triangulaire
"3401";34.11, UXD - 34.04, UG - 22.54, ENS;Triangulaire
"3402";58.22, UG;Elu
"3403";33.90, UG - 32.28, RN - 29.10, ENS;Triangulaire
"3404";41.26, RN - 33.00, UG - 22.56, ENS;Triangulaire
"3405";48.88, RN - 32.27, UG;Duel
"3406";41.05, RN - 27.25, DVD - 21.08, UG;Triangulaire
"3407";51.66, RN;Elu
"3408";40.12, RN - 32.71, UG;Duel
"3409";36.43, UXD - 29.27, UG - 25.00, ENS;Triangulaire
"3501";42.31, UG - 31.88, ENS - 17.65, RN;Triangulaire
"3502";40.31, UG - 34.24, ENS - 17.43, RN;Triangulaire
"3503";36.77, UG - 29.71, ENS - 28.12, RN;Triangulaire
"3504";32.30, RN - 32.10, UG - 24.06, ENS;Triangulaire
"3505";42.42, ENS - 29.82, RN - 25.85, UG;Triangulaire
"3506";41.81, ENS - 30.94, RN - 25.13, UG;Triangulaire
"3507";43.33, DVD - 28.20, RN - 22.23, UG;Triangulaire
"3508";52.84, UG;Elu
"3601";40.20, RN - 35.12, HOR - 21.69, UG;Triangulaire
"3602";41.71, UXD - 31.82, LR - 23.46, UG;Triangulaire
"3701";45.32, UG - 24.17, ENS;Duel
"3702";35.08, RN - 32.58, ENS - 23.33, UG;Triangulaire
"3703";32.87, ENS - 32.21, UXD - 25.56, UG;Triangulaire
"3704";32.89, RN - 29.73, UG - 27.65, ENS;Triangulaire
"3705";35.25, RN - 26.75, ENS - 24.13, UG;Triangulaire
"3801";40.19, UG - 33.62, ENS - 18.34, UXD;Triangulaire
"3802";42.17, UG - 30.50, RN - 19.23, ENS;Triangulaire
"3803";42.84, UG - 22.74, RN - 20.01, ENS;Triangulaire
"3804";42.52, UG - 32.12, UXD;Duel
"3805";36.42, UG - 30.80, RN - 20.53, ENS;Triangulaire
"3806";47.55, RN - 20.85, UG;Duel
"3807";42.10, RN - 27.56, LR - 19.81, UG;Triangulaire
"3808";39.92, UXD - 24.50, UG - 20.49, ENS;Triangulaire
"3809";34.04, RN - 27.99, UG - 27.26, ENS;Triangulaire
"3810";42.83, RN - 25.43, UG - 22.19, ENS;Triangulaire
"3901";39.03, RN - 36.16, ENS - 23.06, UG;Triangulaire
"3902";38.59, LR - 32.76, RN - 24.75, UG;Triangulaire
"3903";39.73, RN - 34.34, LR - 24.29, UG;Triangulaire
"4001";37.23, RN - 28.25, ENS - 27.08, UG;Triangulaire
"4002";32.60, RN - 30.05, ENS - 28.43, UG;Triangulaire
"4003";37.10, UG - 35.59, RN;Duel
"4101";35.22, RN - 34.56, ENS;Duel
"4102";49.72, RN - 20.07, DVD;Duel
"4103";41.06, RN - 36.25, ENS - 19.55, UG;Triangulaire
"4201";40.34, UG - 31.97, RN - 23.72, ENS;Triangulaire
"4202";43.09, UG - 27.13, RN - 23.08, UDI;Triangulaire
"4203";40.89, RN - 29.11, ENS - 27.34, UG;Triangulaire
"4204";40.80, RN - 30.72, LR - 26.54, UG;Triangulaire
"4205";41.99, LR - 36.09, RN - 18.35, UG;Triangulaire
"4206";39.71, RN - 27.81, LR;Duel
"4301";36.80, LR - 34.18, RN - 18.66, UG;Triangulaire
"4302";38.69, LR - 32.08, RN - 19.55, UG;Triangulaire
"4401";43.20, UG - 37.39, ENS - 18.13, RN;Triangulaire
"4402";51.67, UG;Elu
"4403";44.55, UG - 24.57, ENS - 20.43, RN;Triangulaire
"4404";46.83, UG - 22.66, ENS - 20.06, RN;Triangulaire
"4405";37.73, UG - 36.17, ENS - 24.73, UXD;Triangulaire
"4406";34.16, UG - 32.85, RN - 29.18, DVD;Triangulaire
"4407";28.49, ENS - 28.15, UXD - 24.11, UG;Triangulaire
"4408";30.99, UG - 28.87, RN - 20.28, ENS;Triangulaire
"4409";32.63, DVD - 32.51, RN - 26.36, UG;Triangulaire
"4410";30.57, ENS - 27.80, UG - 26.16, RN;Triangulaire
"4501";31.60, ENS - 31.47, UG - 28.03, RN;Triangulaire
"4502";32.91, RN - 28.03, UG - 23.03, ENS;Triangulaire
"4503";45.53, RN - 32.04, DVD - 19.36, UG;Triangulaire
"4504";49.65, RN - 21.14, UG;Duel
"4505";43.37, RN - 22.01, ENS - 19.77, UG;Triangulaire
"4506";31.81, RN - 30.60, ENS - 29.70, UG;Triangulaire
"4601";42.25, LR - 24.33, UG - 23.06, RN;Triangulaire
"4602";38.22, UG - 30.38, RN - 26.96, ENS;Triangulaire
"4701";43.11, RN - 28.41, ENS - 25.63, UG;Triangulaire
"4702";49.31, RN - 26.89, UG - 21.99, ENS;Triangulaire
"4703";41.08, RN - 24.99, DVD;Duel
"4801";35.17, UG - 33.91, RN - 24.04, DVD;Triangulaire
"4901";34.83, ENS - 33.82, UG - 23.12, RN;Triangulaire
"4902";33.10, ENS - 28.32, UG - 24.25, RN;Triangulaire
"4903";37.84, RN - 23.87, LR - 19.92, UG;Triangulaire
"4904";34.90, RN - 34.87, ENS - 20.59, UG;Triangulaire
"4905";33.70, ENS - 30.54, UXD - 21.33, UG;Triangulaire
"4906";35.28, ENS - 28.82, RN - 24.79, UG;Triangulaire
"4907";33.86, ENS - 29.07, UG - 27.38, RN;Triangulaire
"5001";38.30, DVD - 32.89, RN;Duel
"5002";39.91, ENS - 31.84, RN;Duel
"5003";33.89, UXD - 33.24, ENS - 20.01, UG;Triangulaire
"5004";34.23, UG - 30.01, UXD;Duel
"5101";37.30, DVD - 33.84, ENS - 27.05, UG;Triangulaire
"5102";36.34, RN - 30.39, ENS - 21.75, UG;Triangulaire
"5103";43.84, UXD - 31.92, ENS;Duel
"5104";42.77, RN - 30.98, ENS;Duel
"5105";46.99, RN - 42.66, DVC;Duel
"5201";48.83, RN - 28.05, ENS - 20.38, UG;Triangulaire
"5202";56.82, RN;Elu
"5301";45.39, UG - 28.59, RN - 20.10, UDI;Triangulaire
"5302";35.17, ENS - 31.79, RN - 22.77, UG;Triangulaire
"5303";48.68, HOR - 31.11, RN - 19.18, UG;Triangulaire
"5401";37.73, UG - 26.90, RN - 26.38, ENS;Triangulaire
"5402";39.91, UG - 30.74, ENS - 22.45, RN;Triangulaire
"5403";43.46, RN - 28.49, UG;Duel
"5404";43.70, RN - 33.21, LR - 20.59, UG;Triangulaire
"5405";43.47, UG - 30.45, EXD;Duel
"5406";44.53, RN - 26.73, UG;Duel
"5501";47.95, RN - 34.22, DVD;Duel
"5502";50.63, RN;Elu
"5601";42.13, ENS - 28.24, UG - 25.37, RN;Triangulaire
"5602";32.14, ENS - 30.03, RN - 25.80, UG;Triangulaire
"5603";35.85, RN - 26.57, ENS - 20.41, UG;Triangulaire
"5604";35.84, REG - 31.51, RN;Duel
"5605";35.56, UG - 34.60, ENS - 27.90, RN;Triangulaire
"5606";34.69, RN - 33.08, ENS - 23.75, UG;Triangulaire
"5701";39.81, RN - 27.59, ENS - 26.10, UG;Triangulaire
"5702";37.48, RN - 30.22, ENS - 26.61, UG;Triangulaire
"5703";35.32, RN - 34.66, UDI - 28.27, UG;Triangulaire
"5704";42.66, RN - 35.75, LR;Duel
"5705";47.52, RN - 34.23, LR;Duel
"5706";50.90, RN;Elu
"5707";53.33, RN;Elu
"5708";46.36, RN - 28.98, UG;Duel
"5709";38.29, RN - 35.12, ENS - 22.84, UG;Triangulaire
"5801";40.81, RN - 29.40, ENS - 21.32, UG;Triangulaire
"5802";44.82, RN - 26.32, UG - 20.44, ENS;Triangulaire
"5901";44.20, UG - 18.12, RN;Duel
"5902";47.31, UG - 21.89, RN - 20.77, ENS;Triangulaire
"5903";50.82, RN;Elu
"5904";31.32, ENS - 29.58, UG - 25.98, RN;Triangulaire
"5905";40.08, RN - 34.37, DVD - 24.26, UG;Triangulaire
"5906";38.09, ENS - 35.07, UXD - 19.53, UG;Triangulaire
"5907";36.71, HOR - 32.19, UG - 28.15, RN;Triangulaire
"5908";48.50, UG - 30.80, RN;Duel
"5909";34.01, ENS - 31.12, UG - 20.67, RN;Triangulaire
"5910";36.03, ENS - 34.31, RN - 24.82, UG;Triangulaire
"5911";38.49, UG - 31.47, RN - 27.94, ENS;Triangulaire
"5912";54.74, RN;Elu
"5913";43.52, RN - 32.20, DIV - 21.92, UG;Triangulaire
"5914";46.37, UXD - 36.74, DVD;Duel
"5915";45.97, RN - 34.15, DVD;Duel
"5916";53.12, RN;Elu
"5917";47.92, RN - 29.84, UG;Duel
"5918";52.51, RN;Elu
"5919";58.32, RN;Elu
"5920";50.30, RN;Elu
"5921";43.61, RN - 29.19, UDI - 23.08, UG;Triangulaire
"6001";46.19, RN - 24.48, LR;Duel
"6002";53.20, RN;Elu
"6003";43.10, RN - 31.29, UG;Duel
"6004";40.23, RN - 29.89, ENS;Duel
"6005";42.15, RN - 22.03, UG;Duel
"6006";47.88, RN - 22.93, UDI - 20.46, UG;Triangulaire
"6007";40.43, RN - 27.18, UG - 21.52, LR;Triangulaire
"6101";35.18, RN - 27.33, UG - 21.52, ENS;Triangulaire
"6102";40.01, RN - 32.95, DVD;Duel
"6103";43.67, DVD - 32.41, RN - 21.07, UG;Triangulaire
"6201";54.08, RN;Elu
"6202";37.31, RN - 21.54, ENS - 20.12, UG;Triangulaire
"6203";52.40, RN;Elu
"6204";42.34, RN - 30.66, ENS;Duel
"6205";43.15, RN - 28.97, UG - 20.88, ENS;Triangulaire
"6206";50.70, RN;Elu
"6207";47.86, RN - 33.75, LR;Duel
"6208";46.45, RN - 31.97, UG;Duel
"6209";48.85, RN - 19.78, ENS;Duel
"6210";60.61, RN;Elu
"6211";58.04, RN;Elu
"6212";59.24, RN;Elu
"6301";38.14, UG - 27.50, RN - 24.08, ENS;Triangulaire
"6302";36.20, UG - 34.34, RN;Duel
"6303";31.72, UG - 26.03, ENS - 25.93, RN;Triangulaire
"6304";31.63, RN - 27.38, ENS - 26.63, UG;Triangulaire
"6305";37.77, UG - 37.02, RN;Duel
"6401";27.96, RN - 26.82, ENS - 19.95, DVG;Triangulaire
"6402";31.14, RN - 29.60, ENS - 26.49, UG;Triangulaire
"6403";37.63, DVG - 31.55, RN;Duel
"6404";38.01, UG - 25.62, RN - 18.05, DVD;Triangulaire
"6405";32.30, UG - 27.54, RN - 26.63, ENS;Triangulaire
"6406";29.42, UG - 26.92, ENS - 25.29, UXD;Triangulaire
"6501";34.09, RN - 29.53, UG - 24.84, DIV;Triangulaire
"6502";36.96, RN - 28.09, UG - 24.91, ENS;Triangulaire
"6601";45.24, RN - 25.48, UG;Duel
"6602";54.98, RN;Elu
"6603";45.57, RN - 28.03, UG - 20.42, ENS;Triangulaire
"6604";47.90, RN - 25.95, UG;Duel
"6701";47.60, UG - 24.26, ENS;Duel
"6702";43.91, UG - 22.56, ENS - 21.22, RN;Triangulaire
"6703";37.94, UG - 28.99, ENS - 23.10, RN;Triangulaire
"6704";33.11, RN - 32.36, ENS - 20.92, UG;Triangulaire
"6705";39.20, RN - 32.31, ENS;Duel
"6706";38.50, RN - 27.76, ENS;Duel
"6707";41.47, RN - 32.31, LR;Duel
"6708";44.16, RN - 23.51, ENS;Duel
"6709";40.47, RN - 29.24, ENS;Duel
"6801";34.24, RN - 30.40, ENS;Duel
"6802";36.17, RN - 32.46, ENS;Duel
"6803";38.86, RN - 24.93, ENS;Duel
"6804";41.87, RN - 29.15, LR;Duel
"6805";37.23, ENS - 29.56, RN - 26.80, UG;Triangulaire
"6806";39.74, RN - 30.19, ENS - 22.08, UG;Triangulaire
"6901";42.40, UG - 29.72, ENS - 18.10, RN;Triangulaire
"6902";49.65, UG - 25.12, ENS;Duel
"6903";51.51, UG;Elu
"6904";38.00, UG - 31.03, ENS - 17.91, RN;Triangulaire
"6905";32.01, ENS - 26.48, UG - 25.38, RN;Triangulaire
"6906";46.29, UG - 19.94, DVG;Duel
"6907";46.00, UG - 27.05, ENS - 21.28, RN;Triangulaire
"6908";33.46, RN - 22.75, UG - 21.18, ENS - 20.66, LR;Duel
"6909";35.41, UXD - 25.41, LR - 23.25, UG;Triangulaire
"6910";32.54, ENS - 31.15, RN - 23.64, UG;Triangulaire
"6911";36.81, UXD - 26.93, ENS - 22.87, UG;Triangulaire
"6912";30.02, UG - 28.97, ENS - 24.96, RN;Triangulaire
"6913";36.35, RN - 26.23, UG - 24.21, ENS;Triangulaire
"6914";48.78, UG - 28.21, RN;Duel
"7001";48.82, RN - 29.99, ENS;Duel
"7002";50.11, RN;Elu
"7101";34.65, RN - 30.60, ENS - 27.59, UG;Triangulaire
"7102";37.85, RN - 33.58, LR;Duel
"7103";42.67, RN - 25.10, ENS - 19.14, UG;Triangulaire
"7104";44.34, UXD - 29.96, UG - 22.33, LR;Triangulaire
"7105";35.12, RN - 23.28, UG - 20.75, ENS - 19.06, DVD;Duel
"7201";33.60, RN - 30.84, ENS - 25.01, UG;Triangulaire
"7202";39.95, UG - 35.29, UXD - 23.09, UDI;Triangulaire
"7203";42.54, RN - 29.17, ENS;Duel
"7204";39.26, RN - 25.94, UG - 25.88, ENS;Triangulaire
"7205";38.23, RN - 31.28, ENS - 26.67, UG;Triangulaire
"7301";36.16, UXD - 35.24, ENS - 22.93, UG;Triangulaire
"7302";36.84, LR - 35.19, RN - 22.97, UG;Triangulaire
"7303";40.86, LR - 35.98, RN - 21.81, UG;Triangulaire
"7304";36.87, UG - 30.23, RN - 27.72, ENS;Triangulaire
"7401";35.64, ENS - 31.09, RN - 22.82, UG;Triangulaire
"7402";33.27, ENS - 28.80, RN - 26.88, UG;Triangulaire
"7403";39.68, UXD - 32.37, DVD - 24.01, UG;Triangulaire
"7404";37.25, LR - 28.85, RN - 27.37, UG;Triangulaire
"7405";32.10, UXD - 31.08, ENS - 23.52, UG;Triangulaire
"7406";36.21, UXD - 34.68, ENS - 22.20, UG;Triangulaire
"7501";44.70, ENS - 32.09, UG;Duel
"7502";33.40, UG - 23.62, ENS - 19.62, DVC;Triangulaire
"7503";46.15, UG - 33.99, ENS;Duel
"7504";37.19, ENS - 26.55, DVD - 17.91, UG;Triangulaire
"7505";54.24, UG;Elu
"7506";58.19, UG;Elu
"7507";50.87, UG;Elu
"7508";50.73, UG;Elu
"7509";52.13, UG;Elu
"7510";50.66, UG;Elu
"7511";43.70, UG - 34.85, ENS;Duel
"7512";39.36, ENS - 28.96, UG;Duel
"7513";38.85, ENS - 37.11, UG;Duel
"7514";47.71, ENS - 17.70, LR - 17.56, UXD;Triangulaire
"7515";41.87, DVG - 22.87, UG;Duel
"7516";62.47, UG;Elu
"7517";64.23, UG;Elu
"7518";50.38, UG;Elu
"7601";44.44, UG - 27.62, ENS - 19.00, RN;Triangulaire
"7602";33.77, RN - 27.73, ENS - 24.46, UG;Triangulaire
"7603";48.64, UG - 28.24, RN;Duel
"7604";39.08, RN - 32.65, UG - 24.71, HOR;Triangulaire
"7605";41.40, RN - 33.36, UG - 22.35, HOR;Triangulaire
"7606";44.91, RN - 34.50, UG;Duel
"7607";34.83, HOR - 28.63, RN - 28.62, UG;Triangulaire
"7608";42.81, UG - 31.32, RN;Duel
"7609";44.58, RN - 32.08, HOR;Duel
"7610";45.29, RN - 25.55, HOR;Duel
"7701";33.31, UG - 32.95, UXD - 29.04, ENS;Triangulaire
"7702";35.06, RN - 33.73, ENS - 23.70, UG;Triangulaire
"7703";38.13, RN - 31.68, LR - 28.40, UG;Triangulaire
"7704";47.64, RN - 28.01, LR - 20.90, UG;Triangulaire
"7705";41.77, UXD - 31.43, ENS - 24.52, UG;Triangulaire
"7706";40.81, RN - 30.22, UG - 26.70, DVD;Triangulaire
"7707";35.72, RN - 32.85, UG;Duel
"7708";36.29, UG - 33.03, ENS - 27.97, RN;Triangulaire
"7709";35.50, RN - 29.65, UG - 21.57, ENS;Triangulaire
"7710";43.94, UG - 22.64, RN;Duel
"7711";53.42, UG;Elu
"7801";33.55, ENS - 28.31, UG - 19.37, RN;Triangulaire
"7802";35.01, ENS - 26.29, UG - 21.81, RN;Triangulaire
"7803";34.49, ENS - 22.79, UXD - 20.85, UG;Triangulaire
"7804";41.24, ENS - 27.21, UG - 19.99, UXD;Triangulaire
"7805";42.79, ENS - 27.31, UG - 22.90, DVD;Triangulaire
"7806";38.33, ENS - 27.02, UG - 20.45, RN;Triangulaire
"7807";34.68, UG - 29.32, ENS - 25.79, UXD;Triangulaire
"7808";44.92, UG - 30.97, RN;Duel
"7809";34.49, RN - 29.64, UG - 21.35, ENS;Triangulaire
"7810";33.59, ENS - 28.22, RN - 22.40, UG;Triangulaire
"7811";43.38, UG - 29.25, UDI - 21.79, RN;Triangulaire
"7812";40.75, ENS - 30.32, UG - 24.88, RN;Triangulaire
"7901";40.24, DVC - 32.79, UG - 24.62, RN;Triangulaire
"7902";38.57, ECO - 34.12, RN;Duel
"7903";35.27, UXD - 31.12, ENS;Duel
"8001";40.69, RN - 33.92, UG - 22.68, ENS;Triangulaire
"8002";29.54, UG - 27.46, RN - 25.23, ENS;Triangulaire
"8003";48.90, RN - 27.70, LR;Duel
"8004";49.62, RN - 18.47, ENS;Duel
"8005";55.98, RN;Elu
"8101";39.53, RN - 29.52, DVC - 28.37, UG;Triangulaire
"8102";37.94, RN - 31.63, UG - 21.70, ENS;Triangulaire
"8103";43.51, UXD - 28.60, ENS - 25.39, UG;Triangulaire
"8201";43.93, UXD - 36.81, UG;Duel
"8202";49.17, RN - 18.54, UG;Duel
"8301";42.28, RN - 31.37, ENS - 22.38, UG;Triangulaire
"8302";50.81, RN;Elu
"8303";46.51, RN - 20.21, ENS;Duel
"8304";56.11, RN;Elu
"8305";51.51, RN;Elu
"8306";53.51, RN;Elu
"8307";48.30, RN - 18.53, ENS;Duel
"8308";53.55, RN;Elu
"8401";34.62, RN - 24.76, UG;Duel
"8402";45.95, RN - 24.85, UG - 19.40, ENS;Triangulaire
"8403";53.51, RN;Elu
"8404";49.89, RN - 19.64, UG;Duel
"8405";45.03, RN - 27.16, UG - 20.29, ENS;Triangulaire
"8501";32.17, UXD - 28.51, ENS - 23.33, UG;Triangulaire
"8502";38.74, ENS - 36.53, RN - 23.34, UG;Triangulaire
"8503";35.59, UXD - 34.89, ENS;Duel
"8504";39.31, DVD - 22.88, RN - 18.46, ENS - 18.42, UG;Duel
"8505";37.87, RN - 34.84, ENS - 20.12, UG;Triangulaire
"8601";33.14, UG - 28.93, RN - 28.85, HOR;Triangulaire
"8602";33.21, ENS - 28.63, UG - 24.42, RN;Triangulaire
"8603";40.82, RN - 30.18, ENS - 26.73, UG;Triangulaire
"8604";41.04, RN - 32.11, ENS - 21.09, UG;Triangulaire
"8701";36.94, UG - 32.83, RN - 26.99, ENS;Triangulaire
"8702";36.86, RN - 36.83, UG - 24.45, ENS;Triangulaire
"8703";35.18, UG - 34.85, RN - 26.65, DVC;Triangulaire
"8801";42.85, DVD - 38.17, RN;Duel
"8802";48.16, RN - 30.84, ENS;Duel
"8803";48.33, DVD - 33.43, RN;Duel
"8804";48.02, RN - 31.91, LR;Duel
"8901";40.40, RN - 25.34, UG;Duel
"8902";44.51, UXD - 29.33, ENS - 19.50, UG;Triangulaire
"8903";50.44, RN;Elu
"9001";39.73, RN - 23.99, LR - 22.59, UG;Triangulaire
"9002";37.86, RN - 28.02, UG;Duel
"9101";46.07, UG - 27.74, DIV - 22.34, RN;Triangulaire
"9102";40.30, RN - 26.54, UG - 22.09, ENS;Triangulaire
"9103";33.01, RN - 30.91, UG - 29.90, ENS;Triangulaire
"9104";33.91, ENS - 31.03, UXD - 30.83, UG;Triangulaire
"9105";37.93, UG - 32.48, ENS;Duel
"9106";34.44, UG - 25.23, DVG - 20.81, RN;Triangulaire
"9107";40.83, UG - 30.07, ENS - 25.07, RN;Triangulaire
"9108";34.37, UG - 32.96, DSV - 27.38, DVD;Triangulaire
"9109";37.60, UG - 30.12, RN - 27.11, ENS;Triangulaire
"9110";43.01, UG - 25.91, RN;Duel
"9201";64.83, UG;Elu
"9202";41.59, LR - 39.53, UG;Duel
"9203";52.09, LR;Elu
"9204";49.13, UG - 29.62, ENS;Duel
"9205";36.54, UG - 31.62, ENS;Duel
"9206";40.14, ENS - 19.90, LR - 19.26, UG;Triangulaire
"9207";53.20, ENS;Elu
"9208";39.91, ENS - 30.30, UG;Duel
"9209";46.07, ENS - 21.39, UG;Duel
"9210";43.85, ENS - 35.53, UG;Duel
"9211";50.14, UG;Elu
"9212";39.43, LR - 38.32, UG;Duel
"9213";39.18, ENS - 37.77, UG;Duel
"9301";65.28, UG;Elu
"9302";71.80, UG;Elu
"9303";41.68, UG - 21.28, RN;Duel
"9304";44.52, UG - 23.90, FI;Duel
"9305";33.10, UG - 24.56, UDI - 23.65, DVG;Triangulaire
"9306";71.68, UG;Elu
"9307";40.19, DVG - 36.39, UG;Duel
"9308";49.30, UG - 23.86, RN;Duel
"9309";63.19, UG;Elu
"9310";52.60, UG;Elu
"9311";62.65, UG;Elu
"9312";45.11, UG - 26.04, RN;Duel
"9401";33.03, UG - 27.97, DVD - 18.57, ENS - 18.36, RN;Duel
"9402";55.00, UG;Elu
"9403";42.17, UG - 27.31, UXD - 23.77, ENS;Triangulaire
"9404";33.02, UG - 30.58, ENS - 26.95, RN;Triangulaire
"9405";38.52, ENS - 37.27, UG - 20.40, RN;Triangulaire
"9406";40.63, UG - 37.38, ENS;Duel
"9407";43.65, UG - 34.64, LR;Duel
"9408";44.13, LR - 36.88, UG;Duel
"9409";58.09, UG;Elu
"9410";59.27, UG;Elu
"9411";57.36, UG;Elu
"9501";33.65, RN - 30.80, UG - 25.46, ENS;Triangulaire
"9502";33.47, UG - 30.21, RN - 25.35, ENS;Triangulaire
"9503";35.63, UG - 27.59, RN - 23.52, ENS;Triangulaire
"9504";34.65, UG - 27.89, ENS - 26.22, UXD;Triangulaire
"9505";56.01, UG;Elu
"9506";37.63, UG - 25.78, ENS - 22.07, RN;Triangulaire
"9507";37.94, UG - 27.25, RN - 23.13, ENS;Triangulaire
"9508";58.27, UG;Elu
"9509";40.73, UG - 30.56, RN;Duel
"9510";43.13, UG - 22.78, RN;Duel
"97101";51.40, DVG - 12.65, DVG;Duel
"97102";41.33, DVG - 17.30, RN;Duel
"97103";36.21, DVG - 25.90, RN;Duel
"97104";57.90, SOC - 21.86, DVC;Duel
"97201";56.56, REG - 13.42, REG;Duel
"97202";48.31, REG - 27.06, DVD;Duel
"97203";37.28, DVG - 25.26, SOC;Duel
"97204";63.18, REG - 9.88, RN;Duel
"97301";62.78, REG - 16.10, DVD;Duel
"97302";60.21, REG - 25.49, DVC;Duel
"97401";46.25, UG - 27.60, RN;Duel
"97402";47.72, UG - 21.31, RN;Duel
"97403";31.56, RN - 23.80, DVG;Duel
"97404";42.28, DVG - 27.57, RN;Duel
"97405";33.18, DVG - 30.07, RN;Duel
"97406";29.76, DVG - 26.93, RN;Duel
"97407";29.55, UG - 25.57, RN;Duel
"97501";43.09, DVD - 16.89, SOC;Duel
"97601";79.48, DVD;Elu
"97602";35.42, RN - 27.80, LR;Duel
"98601";62.25, ENS;Elu
"98701";53.85, DVD;Elu
"98702";49.09, DVD - 42.19, REG;Duel
"98703";42.71, REG - 41.08, DVD;Duel
"98801";39.81, DVD - 36.34, REG;Duel
"98802";44.06, REG - 36.18, DVD;Duel
"ZX01";41.44, DVC - 19.92, DVD;Duel
"ZZ01";38.84, ENS - 36.12, UG;Duel
"ZZ02";36.16, UG - 33.49, ENS;Duel
"ZZ03";39.22, UG - 39.13, ENS;Duel
"ZZ04";37.45, UG - 35.46, ENS;Duel
"ZZ05";33.68, DVC - 26.18, UG;Duel
"ZZ06";40.54, ENS - 30.81, UG;Duel
"ZZ07";37.78, ENS - 32.58, UG;Duel
"ZZ08";35.58, LR - 24.18, ENS;Duel
"ZZ09";51.57, UG - 15.70, ENS;Duel
"ZZ10";32.52, UG - 31.82, ENS;Duel
"ZZ11";39.94, ENS - 29.78, UG;Duel